{
  "properties": {
    "connectionReferences": {
      "shared_outlook": {
        "runtimeSource": "invoker",
        "connection": {
          "connectionReferenceLogicalName": "maicon_sharedoutlook_b881b"
        },
        "api": {
          "name": "shared_outlook"
        }
      }
    },
    "definition": {
      "$schema": "https://schema.management.azure.com/providers/Microsoft.Logic/schemas/2016-06-01/workflowdefinition.json#",
      "contentVersion": "1.0.0.0",
      "parameters": {
        "$connections": {
          "defaultValue": {},
          "type": "Object"
        },
        "$authentication": {
          "defaultValue": {},
          "type": "SecureObject"
        }
      },
      "triggers": {
        "manual": {
          "metadata": {
            "operationMetadataId": "20d52333-7ee8-47bc-89f8-69278d680956"
          },
          "type": "Request",
          "kind": "PowerAppV2",
          "inputs": {
            "schema": {
              "type": "object",
              "properties": {},
              "required": []
            }
          }
        }
      },
      "actions": {
        "Enviar_um_e-mail_(V2)": {
          "runAfter": {},
          "metadata": {
            "operationMetadataId": "ab4f235e-19be-410b-8f79-4c81faa2dc61"
          },
          "type": "OpenApiConnection",
          "inputs": {
            "host": {
              "connectionName": "shared_outlook",
              "operationId": "SendEmailV2",
              "apiId": "/providers/Microsoft.PowerApps/apis/shared_outlook"
            },
            "parameters": {
              "emailMessage/To": "teste@teste.com@{triggerBody()}",
              "emailMessage/Subject": "Novo curso Habilitado",
              "emailMessage/Body": "<p>Olá @{triggerBody()}.<br>\nO curso @{triggerBody()} foi habilitado para você ser um instrutor.</p>",
              "emailMessage/Importance": "Normal"
            },
            "authentication": "@parameters('$authentication')"
          }
        }
      }
    },
    "templateName": ""
  },
  "schemaVersion": "1.0.0.0"
}